项目编号,项目名称,用户编号,组角色,
2023-001         ,项目1号                    ,2023723,1,
2023-002         ,项目2号,202387,1,
2023-003         ,项目3号                    ,202387,1,
2023-004         ,项目4号,202387,1,
2023-005         ,项目5号                    ,202387,1,
2023-001         ,项目1号                    ,202387,1,
2023-002         ,项目2号                    ,202387,1,
2023-003         ,项目3号                    ,202387,1,
2023-004         ,项目4号                    ,202387,1,
2023-005         ,项目5号                    ,202387,1,
2023-006         ,项目第06,2023723,1,
2023-007         ,项目第07,202387,1,
2023-008         ,项目第08,202387,1,
2023-009         ,项目第09,202387,1,
2023-010         ,项目第10,202387,1,
2023-011         ,项目第11,202387,1,
2023-012         ,项目第12,202387,1,
2023-013         ,项目第13,202387,1,
2023-014         ,项目第14,202387,1,
2023-015         ,项目第15,202387,1,
2023-016         ,项目第16,202391,1,
2023-017         ,项目第17,202391,1,
2023-018         ,项目第18,202391,1,
2023-019         ,项目第19,202391,1,
2023-020         ,项目第20,202391,1,
2023-021         ,项目第21,202391,1,
2023-022         ,项目第22,202391,1,
2023-023         ,项目第23,202391,1,
2023-024         ,项目第24,202391,1,
2023-025         ,项目第25,202391,1,
2023-026         ,项目第26,202391,1,
2023-027         ,项目第27,202391,1, 
2023-028         ,项目第28,202391,1, 
2023-029         ,项目第29,202391,1,
2023-030         ,项目第30,202391,1,
2023-031         ,项目第31,202391,1,
2023-032         ,项目第32,202391,1,
2023-033         ,项目第33,202391,1,
2023-034         ,项目第34,202391,1,
2023-035         ,项目第35,202391,1,
2023-036         ,项目第36,202391,1,
2023-037         ,项目第37,202391,1,
2023-038         ,项目第38,202391,1,
2023-039         ,项目第39,202391,1,
2023-040         ,项目第40,202391,1,
2023-041         ,项目第41,202391,1,
2023-042         ,项目第42,202391,1,
2023-043         ,项目第43,202391,1,
2023-044         ,项目第44,202391,1,
2023-045         ,项目第45,202391,1,
2023-046         ,项目第46,202391,1,
2023-047         ,项目第47,202391,1,
2023-048         ,项目第48,202391,1,
2023-049         ,项目第49,202391,1,
2023-050         ,项目第50,202391,1,
2023-051         ,项目第51,202391,1,
2023-052         ,项目第52,202391,1,
2023-053         ,项目第53,202391,1,
2023-054         ,项目第54,202391,1,
2023-055         ,项目第55,202391,1,
2023-056         ,项目第56,202391,1,
2023-057         ,项目第57,202391,1,
2023-058         ,项目第58,202391,1,
2023-059         ,项目第59,202391,1,
2023-060         ,项目第60,202391,1,
2023-061         ,项目第61,202391,1,
2023-062         ,项目第62,202391,1,
2023-063         ,项目第63,202391,1,
2023-064         ,项目第64,202391,1,
2023-065         ,项目第65,202391,1,
2023-066         ,项目第66,202391,1,
2023-067         ,项目第67,202391,1,
2023-068         ,项目第68,202391,1,
2023-069         ,项目第69,202391,1,
2023-070         ,项目第70,202391,1,
2023-071         ,项目第71,202391,1,
2023-072         ,项目第72,202391,1,
2023-073         ,项目第73,202391,1,
2023-074         ,项目第74,202391,1,
2023-075         ,项目第75,202391,1,
